<?xml version="1.0" encoding="utf-8"?>
<!--/13414684/1198038/2.50/3/4/Switch/-->
<quadcept_library>
  <setting unit="mil" />
  <textstyle name="Default" height="47.244094488189" strokewidth="7.8740157480315" charwidth="47.244094488189" />
  <textstyle name="Dimension" height="19.6850393700787" strokewidth="0" charwidth="19.6850393700787" />
  <textstyle name="H127W0635TH00762" height="50" strokewidth="3" charwidth="25" />
  <textstyle name="H15W15TH02" height="59.0551181102362" strokewidth="7.8740157480315" charwidth="59.0551181102362" />
  <padstyle name="c140_h90" surface="False" plated="True" isvia="False" nopaste="True" nomask="True" complex="False" holesize="35.433070866141">
    <padshape layer="TOP" shape="round" width="55.11811023622" height="55.11811023622" />
    <padshape layer="TOP_SOLDER_MASK" shape="round" width="62.992125984251" height="62.992125984251" />
    <padshape layer="INNER" shape="round" width="55.11811023622" height="55.11811023622" />
    <padshape layer="BOTTOM" shape="round" width="55.11811023622" height="55.11811023622" />
    <padshape layer="BOTTOM_SOLDER_MASK" shape="round" width="62.992125984251" height="62.992125984251" />
  </padstyle>
  <footprint name="SS12D00G3" originx="0" originy="0" pickpointx="0" pickpointy="0">
    <pcbpin number="1" name="1" style="c140_h90" originx="-98.425196850392" originy="0" rotation="90" />
    <pcbpin number="2" name="2" style="c140_h90" originx="0" originy="0" rotation="90" />
    <pcbpin number="3" name="3" style="c140_h90" originx="98.425196850392" originy="0" rotation="90" />
    <line layer="TOP_ASSEMBLY" originx="-167.32283464567" originy="68.897637795275" endx="167.32283464567" endy="68.897637795275" width="7.8740157480314" />
    <line layer="TOP_ASSEMBLY" originx="167.32283464567" originy="68.897637795275" endx="167.32283464567" endy="-68.897637795275" width="7.8740157480314" />
    <line layer="TOP_ASSEMBLY" originx="167.32283464567" originy="-68.897637795275" endx="-167.32283464567" endy="-68.897637795275" width="7.8740157480314" />
    <line layer="TOP_ASSEMBLY" originx="-167.32283464567" originy="-68.897637795275" endx="-167.32283464567" endy="68.897637795275" width="7.8740157480314" />
    <line layer="TOP_SILKSCREEN" originx="-167.32283464567" originy="68.897637795275" endx="167.32283464567" endy="68.897637795275" width="3.9370078740157" />
    <line layer="TOP_SILKSCREEN" originx="167.32283464567" originy="68.897637795275" endx="167.32283464567" endy="-68.897637795275" width="3.9370078740157" />
    <line layer="TOP_SILKSCREEN" originx="167.32283464567" originy="-68.897637795275" endx="-167.32283464567" endy="-68.897637795275" width="3.9370078740157" />
    <line layer="TOP_SILKSCREEN" originx="-167.32283464567" originy="-68.897637795275" endx="-167.32283464567" endy="68.897637795275" width="3.9370078740157" />
    <line layer="TOP_PLACE_BOUND" originx="-206.69291338582" originy="108.26771653543" endx="206.69291338582" endy="108.26771653543" width="3.9370078740157" />
    <line layer="TOP_PLACE_BOUND" originx="206.69291338582" originy="108.26771653543" endx="206.69291338582" endy="-108.26771653543" width="3.9370078740157" />
    <line layer="TOP_PLACE_BOUND" originx="206.69291338582" originy="-108.26771653543" endx="-206.69291338582" endy="-108.26771653543" width="3.9370078740157" />
    <line layer="TOP_PLACE_BOUND" originx="-206.69291338582" originy="-108.26771653543" endx="-206.69291338582" endy="108.26771653543" width="3.9370078740157" />
  </footprint>
  <symbol name="SS12D00G3" originx="0" originy="0">
    <line originx="200" originy="100" endx="700" endy="100" width="0" />
    <line originx="700" originy="-300" endx="700" endy="100" width="0" />
    <line originx="700" originy="-300" endx="200" endy="-300" width="0" />
    <line originx="200" originy="100" endx="200" endy="-300" width="0" />
    <sympin number="1" originx="200" originy="0" rotation="180" length="100" width="7.8740157480315" flipped="False">
      <text name="pinname" originx="230" originy="0" style="Default" rotation="0" justify="left" flipped="False" hidden="False" data="NC" />
      <text name="pindes" originx="140" originy="20" style="Default" rotation="0" justify="lowerright" flipped="False" hidden="False" data="1" />
    </sympin>
    <sympin number="2" originx="200" originy="-100" rotation="180" length="100" width="7.8740157480315" flipped="False">
      <text name="pinname" originx="230" originy="-100" style="Default" rotation="0" justify="left" flipped="False" hidden="False" data="COM" />
      <text name="pindes" originx="140" originy="-80" style="Default" rotation="0" justify="lowerright" flipped="False" hidden="False" data="2" />
    </sympin>
    <sympin number="3" originx="200" originy="-200" rotation="180" length="100" width="7.8740157480315" flipped="False">
      <text name="pinname" originx="230" originy="-200" style="Default" rotation="0" justify="left" flipped="False" hidden="False" data="NO" />
      <text name="pindes" originx="140" originy="-180" style="Default" rotation="0" justify="lowerright" flipped="False" hidden="False" data="3" />
    </sympin>
  </symbol>
  <component name="SS12D00G3" designatorprefix="S" height="275.5905511811" footprint="SS12D00G3">
    <comppin designator="1" sympin="1" pinswap="0" gateswap="0" gate="1" group="1" side="" type="Any" name="NC" />
    <comppin designator="2" sympin="2" pinswap="0" gateswap="0" gate="1" group="1" side="" type="Any" name="COM" />
    <comppin designator="3" sympin="3" pinswap="0" gateswap="0" gate="1" group="1" side="" type="Any" name="NO" />
    <attached_symbol gate="1" name="SS12D00G3" />
    <pinmap designator="1" footprintpin="1" />
    <pinmap designator="2" footprintpin="2" />
    <pinmap designator="3" footprintpin="3" />
    <text name="Datasheet" originx="0" originy="0" style="Default" rotation="0" justify="" flipped="False" hidden="True" data="http://vimex.com/switches/techdocs/SS12D00-tech.pdf" />
    <text name="Description" originx="0" originy="0" style="Default" rotation="0" justify="" flipped="False" hidden="True" data="3 Pin Toggle Switch" />
    <text name="Manufacturer_Name" originx="0" originy="0" style="Default" rotation="0" justify="" flipped="False" hidden="True" data="Vimex" />
    <text name="Manufacturer_Part_Number" originx="750" originy="200" style="Default" rotation="0" justify="left" flipped="False" hidden="False" data="SS12D00G3" />
    <text name="Mouser Part Number" originx="0" originy="0" style="Default" rotation="0" justify="" flipped="False" hidden="True" data="" />
    <text name="Mouser Price/Stock" originx="0" originy="0" style="Default" rotation="0" justify="" flipped="False" hidden="True" data="" />
    <text name="Arrow Part Number" originx="0" originy="0" style="Default" rotation="0" justify="" flipped="False" hidden="True" data="" />
    <text name="Arrow Price/Stock" originx="0" originy="0" style="Default" rotation="0" justify="" flipped="False" hidden="True" data="" />
  </component>
</quadcept_library>
